First Name,Last Name,Gender,Class,Email  Address,School,Year
Zaynab,Abbas,Girl,7J,ZABBI@schools.vic.edu.au,EDSC,7
Iman,Abdulsamad,Girl,7H,IABD1O@schools.vic.edu.au,EDSC,7
Leen,Abunada,Girl,7E,LABUF@schools.vic.edu.au,EDSC,7
Atrisa,Afrad,Girl,7E,AAFR3@schools.vic.edu.au,EDSC,7
Ryan,Afshar,Boy,7G,RAFS@schools.vic.edu.au,EDSC,7
Nika,Akbari,Girl,7H,NAKB4@schools.vic.edu.au,EDSC,7
Ammar,Aktifan,Boy,7Q,AAAKT1@schools.vic.edu.au,EDSC,7
Wade,Al Jatranji,Boy,7D,AALK1B@schools.vic.edu.au,EDSC,7
Simon,Alessi,Boy,7D,CSALE2@schools.vic.edu.au,EDSC,7
Ahmad,Ali,Boy,7R,AALIEQ@schools.vic.edu.au,EDSC,7
Chloe,Ang,Girl,7M,CLANG2@schools.vic.edu.au,EDSC,7
Kate,Ang,Girl,7C,KWANG1@schools.vic.edu.au,EDSC,7
Arman,Arjmandmehr,Boy,7R,AARJ3@schools.vic.edu.au,EDSC,7
Aditi,Arora,Girl,7F,AARO3V@schools.vic.edu.au,EDSC,7
Felipe,Arull,Boy,7I,FAARU1@schools.vic.edu.au,EDSC,7
Ahlen,Arunagirl,Boy,7G,AARUJ@schools.vic.edu.au,EDSC,7
Rebecca,Bahmani,Girl,7D,RBAHL@schools.vic.edu.au,EDSC,7
Oscar,Bai,Boy,7Q,OBAI3@schools.vic.edu.au,EDSC,7
Hrishik,Banerjee,Boy,7P,HBANF@schools.vic.edu.au,EDSC,7
Liam,Behm,Boy,7I,LCBEH1@schools.vic.edu.au,EDSC,7
Jean,Bhamra,Girl,7F,JBHA12@schools.vic.edu.au,EDSC,7
Shanza,Bhatti,Girl,7O,SKBHA5@schools.vic.edu.au,EDSC,7
Musa,Bilal,Boy,7G,MBIL9@schools.vic.edu.au,EDSC,7
Christian,Binmore,Boy,7D,CBIN7@schools.vic.edu.au,EDSC,7
Nisa,Boz,Girl,7H,NBOZ2@schools.vic.edu.au,EDSC,7
Tyler,Bryan,Boy,7I,TBRY1@schools.vic.edu.au,EDSC,7
Anthonie,Cai,Boy,7R,ASCAI1@schools.vic.edu.au,EDSC,7
Archie,Chan,Boy,7O,HCHA4C@schools.vic.edu.au,EDSC,7
Audrina,Chan,Girl,7F,ABCHAF@schools.vic.edu.au,EDSC,7
Chloe,Chan,Girl,7B,HCHA39@schools.vic.edu.au,EDSC,7
Evangeline,Chan,Girl,7O,EECHAB@schools.vic.edu.au,EDSC,7
Gully,Chan,Boy,7K,GCHA16@schools.vic.edu.au,EDSC,7
Javis,Chan,Boy,7D,HCHA2Y@schools.vic.edu.au,EDSC,7
Jin,Chan,Boy,7Q,JKCHAA@schools.vic.edu.au,EDSC,7
Myles,Chan,Boy,7N,YCHA2P@schools.vic.edu.au,EDSC,7
Theo,Chan,Boy,7I,TYCHA@schools.vic.edu.au,EDSC,7
Angus,Chang,Boy,7D,ACHA85@schools.vic.edu.au,EDSC,7
Hayden,Chau,Boy,7F,HHCHA6@schools.vic.edu.au,EDSC,7
Parth,Chaubey,Boy,7B,PCHA23@schools.vic.edu.au,EDSC,7
Zohaib,Chaudhry,Boy,7E,ZACHAQ@schools.vic.edu.au,EDSC,7
Romayne,Cheam,Girl,7Q,RYCHE1@schools.vic.edu.au,EDSC,7
Aeson,Chen,Boy,7H,SCHE55@schools.vic.edu.au,EDSC,7
Ashley,Chen,Girl,7R,ACHE3Q@schools.vic.edu.au,EDSC,7
Enoch,Chen,Boy,7H,ECHE1P@schools.vic.edu.au,EDSC,7
Joelle,Chen,Girl,7C,YCHEGH@schools.vic.edu.au,EDSC,7
Nellie,Chen,Girl,7O,NCHE14@schools.vic.edu.au,EDSC,7
Nick,Chen,Boy,7A,XCHE5E@schools.vic.edu.au,EDSC,7
Phillip,Chen,Boy,7O,PZCHE@schools.vic.edu.au,EDSC,7
Suri,Chen,Girl,7B,CCHE5M@schools.vic.edu.au,EDSC,7
Vicky,Chen,Girl,7L,RCHE3P@schools.vic.edu.au,EDSC,7
Harvey,Cheng,Boy,7C,HCHE31@schools.vic.edu.au,EDSC,7
Logan,Cheng,Boy,7H,SCHE9O@schools.vic.edu.au,EDSC,7
Roy,Cheng,Boy,7L,KCHE44@schools.vic.edu.au,EDSC,7
Francis,Cheraghi,Boy,7O,FKCHE1@schools.vic.edu.au,EDSC,7
Aeris,Cheung,Girl,7D,AZCHE9@schools.vic.edu.au,EDSC,7
Lyron,Chien,Boy,7J,LYCHI@schools.vic.edu.au,EDSC,7
Denise,Cho,Girl,7L,DACHO2@schools.vic.edu.au,EDSC,7
Reshma,Chopra,Girl,7J,RCHO2I@schools.vic.edu.au,EDSC,7
Amelia,Chow,Girl,7C,ACHO28@schools.vic.edu.au,EDSC,7
Nathan,Chow,Boy,7L,NCCHO1@schools.vic.edu.au,EDSC,7
Eric,Chu,Boy,7R,EKCHU1@schools.vic.edu.au,EDSC,7
Maddie,Chu,Girl,7E,MGCHU1@schools.vic.edu.au,EDSC,7
Samuel,Chu,Boy,7R,JSCHU3@schools.vic.edu.au,EDSC,7
Tahish,Costa,Boy,7A,TCOS5@schools.vic.edu.au,EDSC,7
Alyssa,Cotsopoulos,Girl,7J,ASCOT2@schools.vic.edu.au,EDSC,7
Charlie,Cui,Boy,7I,SCUIA@schools.vic.edu.au,EDSC,7
Ryan,Cui,Boy,7E,SCUIB@schools.vic.edu.au,EDSC,7
Haya,Dandachi,Girl,7E,HDAN13@schools.vic.edu.au,EDSC,7
Patrick,Davis,Boy,7K,PTDAV4@schools.vic.edu.au,EDSC,7
Amelie,De Lacy,Girl,7N,AMDEL8@schools.vic.edu.au,EDSC,7
Cynthia,Deng,Girl,7J,CJDENG@schools.vic.edu.au,EDSC,7
Ethan,Deng,Boy,7J,EDEN3@schools.vic.edu.au,EDSC,7
Leon,Deng,Boy,7R,LDENJ@schools.vic.edu.au,EDSC,7
Thea,Deng,Girl,7L,XDENB@schools.vic.edu.au,EDSC,7
Aarav,Dhawan,Boy,7N,ADHA49@schools.vic.edu.au,EDSC,7
Zack,Diao,Boy,7B,ZDIA4@schools.vic.edu.au,EDSC,7
Saavini,Dias,Girl,7J,PSDIA@schools.vic.edu.au,EDSC,7
Disy,Ding,Girl,7F,MDINY@schools.vic.edu.au,EDSC,7
Felix,Dong,Boy,7M,FYDON@schools.vic.edu.au,EDSC,7
Olivia,Dong,Girl,7C,ODON4@schools.vic.edu.au,EDSC,7
Ari,Eimany,Boy,7N,AEIM@schools.vic.edu.au,EDSC,7
Hamza,Elmarsafawi,Boy,7N,HKELM1@schools.vic.edu.au,EDSC,7
Rayan,Enayati,Boy,7K,RENA2@schools.vic.edu.au,EDSC,7
Sophie,Eng,Girl,7I,SWENG1@schools.vic.edu.au,EDSC,7
Arvin,Eshragh,Boy,7N,AESH7@schools.vic.edu.au,EDSC,7
Ollin,Evripidou,Boy,7A,OEVR1@schools.vic.edu.au,EDSC,7
Ethan,Fakhri,Boy,7H,ELFAK@schools.vic.edu.au,EDSC,7
Lulia,Fallaha,Girl,7G,LFAL8@schools.vic.edu.au,EDSC,7
Elina,Fan,Girl,7B,EFAN4@schools.vic.edu.au,EDSC,7
Eric,Fan,Boy,7P,YFAN1E@schools.vic.edu.au,EDSC,7
Louis,Fan,Boy,7Q,SFANQ@schools.vic.edu.au,EDSC,7
Eric,Fang,Boy,7F,EFANI@schools.vic.edu.au,EDSC,7
Arvin,Fathi,Boy,7B,AF3W@schools.vic.edu.au,EDSC,7
Kathleen,Feng,Girl,7G,KWFEN@schools.vic.edu.au,EDSC,7
Aanya,Fernando,Girl,7L,ARFER8@schools.vic.edu.au,EDSC,7
Jarod,Fok,Boy,7D,JXFOK1@schools.vic.edu.au,EDSC,7
Leven,Fong,Boy,7J,SFON2@schools.vic.edu.au,EDSC,7
Yue,Ning Fong,Girl,7M,YFON5@schools.vic.edu.au,EDSC,7
Chloe,Foong,Girl,7C,ZFOO3@schools.vic.edu.au,EDSC,7
Bryant,Fu,Boy,7M,SFUF@schools.vic.edu.au,EDSC,7
Owen,Fu,Boy,7C,OAFU@schools.vic.edu.au,EDSC,7
Lawrence,Fung,Boy,7P,LFUN5@schools.vic.edu.au,EDSC,7
Ee,Lynn Gan,Girl,7M,EGAN7@schools.vic.edu.au,EDSC,7
Vincent,Gao,Boy,7N,VGAO2@schools.vic.edu.au,EDSC,7
Joshua,Genziuk,Boy,7H,JBGEN@schools.vic.edu.au,EDSC,7
Rishabh,Ghosh,Boy,7M,RGHOC@schools.vic.edu.au,EDSC,7
Brandon,Graham,Boy,7J,BDGRA2@schools.vic.edu.au,EDSC,7
Jonathan,Guffey,Boy,7B,JDGUF@schools.vic.edu.au,EDSC,7
Jiansh,Gulati,Boy,7F,JGUL4@schools.vic.edu.au,EDSC,7
Dinalie,Gunathilake,Girl,7Q,DGUNR@schools.vic.edu.au,EDSC,7
Maxwell,Hadiwidjojo,Boy,7Q,MHHAD3@schools.vic.edu.au,EDSC,7
Herbod,Hamoel Kheirolahpour,Boy,7N,HHAM12@schools.vic.edu.au,EDSC,7
Homer,Han,Boy,7P,HHANO@schools.vic.edu.au,EDSC,7
Isaiah,Han,Boy,7H,IWHAN2@schools.vic.edu.au,EDSC,7
Phobe,He,Girl,7B,PHE6@schools.vic.edu.au,EDSC,7
Maneesha,Hewajayasinghe,Girl,7F,MIHEW@schools.vic.edu.au,EDSC,7
Rehaan,Hirani,Boy,7B,RHIR6@schools.vic.edu.au,EDSC,7
Carter,Ho,Boy,7P,CYHO1@schools.vic.edu.au,EDSC,7
Jonathan,Ho,Boy,7R,JKHOP@schools.vic.edu.au,EDSC,7
Joshua,Ho,Boy,7E,JKHON@schools.vic.edu.au,EDSC,7
Samuel,Ho,Boy,7R,THO1R@schools.vic.edu.au,EDSC,7
Solen,Ho,Boy,7G,SHO12@schools.vic.edu.au,EDSC,7
Hayden,Hsu,Boy,7O,YHSU8@schools.vic.edu.au,EDSC,7
Chuck,Hu,Boy,7P,JHU1H@schools.vic.edu.au,EDSC,7
James,Huang,Boy,7C,JHUA1U@schools.vic.edu.au,EDSC,7
Jovan,Huang,Boy,7I,JHUA22@schools.vic.edu.au,EDSC,7
Judy,Huang,Girl,7P,JHUA24@schools.vic.edu.au,EDSC,7
Mia,Huang,Girl,7M,MHUA14@schools.vic.edu.au,EDSC,7
Matilda,Hui,Girl,7P,KHUI1@schools.vic.edu.au,EDSC,7
Sofie,Hung,Girl,7D,YHUN5@schools.vic.edu.au,EDSC,7
Jasper,Huo,Boy,7C,JHUO4@schools.vic.edu.au,EDSC,7
Shaaz,Husain,Boy,7E,SHUS2R@schools.vic.edu.au,EDSC,7
Ava,Huynh,Girl,7K,ACHUY8@schools.vic.edu.au,EDSC,7
Amelie,Hyssoli,Girl,7P,AZHYS@schools.vic.edu.au,EDSC,7
Aisha,Ibrahim,Girl,7A,AZKAL@schools.vic.edu.au,EDSC,7
Roxana,Imani,Girl,7E,RIMA4@schools.vic.edu.au,EDSC,7
Eliza,Iqbal,Girl,7K,EIQB3@schools.vic.edu.au,EDSC,7
Geeshan,Jayasinghe,Boy,7C,KGJAY1@schools.vic.edu.au,EDSC,7
Isaac,Jayawardena,Boy,7E,IAJAY2@schools.vic.edu.au,EDSC,7
Annie,Jiang,Girl,7R,ARJIA2@schools.vic.edu.au,EDSC,7
Daniel,Jiang,Boy,7P,DZJIA@schools.vic.edu.au,EDSC,7
Rachel,Jonatan,Girl,7C,RLJOND@schools.vic.edu.au,EDSC,7
Raha,Kabiri,Boy,7J,RKAB4@schools.vic.edu.au,EDSC,7
Enara,Kaluwila Mudiyanselage,Girl,7K,SEKAL@schools.vic.edu.au,EDSC,7
Hashini,Kanahala Gamage,Girl,7P,HDKAN@schools.vic.edu.au,EDSC,7
Lannissa,Kannangara,Girl,7I,LK12@schools.vic.edu.au,EDSC,7
Alice,Karavelas,Girl,7H,ASKARB@schools.vic.edu.au,EDSC,7
Harsheen,Kaur,Girl,7B,HKAU3R@schools.vic.edu.au,EDSC,7
Amelia,Kazi,Girl,7L,AKAZP@schools.vic.edu.au,EDSC,7
Ronika,Khalili Arjomandi,Girl,7E,RKHA1K@schools.vic.edu.au,EDSC,7
Zohaib,Khan,Boy,7N,MZARS@schools.vic.edu.au,EDSC,7
Abeer,Khurram,Girl,7G,AKHU13@schools.vic.edu.au,EDSC,7
Nosh,Kierat,Boy,7A,NKIE3@schools.vic.edu.au,EDSC,7
Ethan,Kiu,Boy,7C,ESKIU@schools.vic.edu.au,EDSC,7
Alexa,Koh-Foo,Girl,7Q,AJKOH3@schools.vic.edu.au,EDSC,7
Denise,Kolinger,Boy,7J,DKOLA@schools.vic.edu.au,EDSC,7
Caitlin,Kong,Girl,7A,MKON16@schools.vic.edu.au,EDSC,7
Joanne,Kong,Girl,7K,JKONN@schools.vic.edu.au,EDSC,7
Alexia,Kotsiras,Girl,7D,AKOT16@schools.vic.edu.au,EDSC,7
Janani,Kovanur Kesava,Girl,7E,JKOV8@schools.vic.edu.au,EDSC,7
Siddharth,Krsna,Boy,7J,SKRS1@schools.vic.edu.au,EDSC,7
Lucy,Kuiper,Girl,7N,LEKUI@schools.vic.edu.au,EDSC,7
Inika,Kulkarni,Girl,7A,IAKUL1@schools.vic.edu.au,EDSC,7
Ilya,Kumarage,Boy,7N,IKUMF@schools.vic.edu.au,EDSC,7
Bronte,Kung,Girl,7N,BTKUN@schools.vic.edu.au,EDSC,7
Theo,Kwok,Boy,7P,WKWO6@schools.vic.edu.au,EDSC,7
Zac,Lai,Boy,7H,ZALAI1@schools.vic.edu.au,EDSC,7
Ellie,Lam,Girl,7D,ELAMU@schools.vic.edu.au,EDSC,7
Vivian,Lam,Girl,7C,VCLAM@schools.vic.edu.au,EDSC,7
Thierry,Lan,Boy,7M,THLAN1@schools.vic.edu.au,EDSC,7
Lily,Lang,Girl,7K,LLAN4@schools.vic.edu.au,EDSC,7
Lincoln,Lau,Boy,7J,LLAUH@schools.vic.edu.au,EDSC,7
Madison,Lau,Girl,7L,MPLAU@schools.vic.edu.au,EDSC,7
Arianna,Law,Girl,7M,WLAW1@schools.vic.edu.au,EDSC,7
Jayden,Law,Boy,7I,TLAW7@schools.vic.edu.au,EDSC,7
Amber,Lee,Girl,7P,AYLEE4@schools.vic.edu.au,EDSC,7
Dongwook,Lee,Boy,7R,DLEE1F@schools.vic.edu.au,EDSC,7
Joelle,Lee,Girl,7H,JLEE7D@schools.vic.edu.au,EDSC,7
Morris,Lee,Boy,7E,SLEE2Q@schools.vic.edu.au,EDSC,7
Phoebe,Lee,Gitl,7R,PALEE1@schools.vic.edu.au,EDSC,7
Ryder,Lee,Boy,7D,CRLEE3@schools.vic.edu.au,EDSC,7
Hailey,Leung,Girl,7I,HLEUS@schools.vic.edu.au,EDSC,7
Hanson,Leung,Boy,7B,HLEUI@schools.vic.edu.au,EDSC,7
Yenji,Leung,Boy,7G,YLEUB@schools.vic.edu.au,EDSC,7
Alvin,Li,Boy,UNKNOWN,UNKNOWN,EDSC,7
Anyi,Li,Girl,7I,ALI1R@schools.vic.edu.au,EDSC,7
Claire,Li,Girl,7N,CLI2K@schools.vic.edu.au,EDSC,7
Ethan,Li,Boy,7F,ELLI@schools.vic.edu.au,EDSC,7
Grace,Li,Girl,7N,LLI1R@schools.vic.edu.au,EDSC,7
Lexi,Li,Girl,7L,LLI1Q@schools.vic.edu.au,EDSC,7
Lucas,Li,Boy,7Q,LRLI1@schools.vic.edu.au,EDSC,7
Oscar,Li,Boy,7M,OLI3@schools.vic.edu.au,EDSC,7
Rachel,Li,Girl,7Q,RLI1I@schools.vic.edu.au,EDSC,7
Thomas,Li,Boy,7Q,TLI1P@schools.vic.edu.au,EDSC,7
Sylia,Liang,Girl,7G,SZLIA2@schools.vic.edu.au,EDSC,7
Brandon,Lim,Boy,7O,BPLIM@schools.vic.edu.au,EDSC,7
Kaomony,Lim,Girl,7F,KLIM14@schools.vic.edu.au,EDSC,7
Kenneth,Lim,Boy,7C,KLIMP@schools.vic.edu.au,EDSC,7
Annie,Lin,Girl,7D,AQLIN@schools.vic.edu.au,EDSC,7
Catherine,Lin,Girl,7B,CLIN1A@schools.vic.edu.au,EDSC,7
Chen,Xi Lin,Boy,7D,CLIN1B@schools.vic.edu.au,EDSC,7
Emily,Lin,Girl,7Q,ELIN19@schools.vic.edu.au,EDSC,7
Kingsley,Lin,Boy,7K,ELIN14@schools.vic.edu.au,EDSC,7
Mason,Lin,Boy,7F,MLINY@schools.vic.edu.au,EDSC,7
Noah,Lin,Boy,7A,RLIN1G@schools.vic.edu.au,EDSC,7
Olivia,Lin,Girl,7N,OZLIN@schools.vic.edu.au,EDSC,7
Viky,Lin,Girl,7J,VYLIN2@schools.vic.edu.au,EDSC,7
Xinya,Lin,Girl,7B,XLIN1M@schools.vic.edu.au,EDSC,7
Benson,Lio,Boy,7K,WSLIO@schools.vic.edu.au,EDSC,7
Alden,Liu,Boy,7R,AJLIU5@schools.vic.edu.au,EDSC,7
Charlotte,Liu,Girl,7K,CXLIU3@schools.vic.edu.au,EDSC,7
Frederick,Liu,Boy,7A,FZLIU@schools.vic.edu.au,EDSC,7
Kayson,Liu,Boy,7G,HLIU1X@schools.vic.edu.au,EDSC,7
Ryan,Liu,Boy,7Q,RLIU1N@schools.vic.edu.au,EDSC,7
Steven,Liu,Boy,7Q,ZLIU2Q@schools.vic.edu.au,EDSC,7
Samantha,Look,Girl,7M,SSLOO@schools.vic.edu.au,EDSC,7
Emily,Lu,Girl,7M,ELUP@schools.vic.edu.au,EDSC,7
Luca,Lu,Boy,7B,JLU2X@schools.vic.edu.au,EDSC,7
Xavier,Lu,Boy,7C,XLUR@schools.vic.edu.au,EDSC,7
Aoyang,Lyu,Boy,7O,ALYU2@schools.vic.edu.au,EDSC,7
Elina,Ma,Girl,7M,EMA4@schools.vic.edu.au,EDSC,7
Ethan,Ma,Boy,7C,DMA9@schools.vic.edu.au,EDSC,7
Myres,Ma,Boy,7K,YMA3A@schools.vic.edu.au,EDSC,7
Tammy,Machingauta,Girl,7L,TTMAC7@schools.vic.edu.au,EDSC,7
Jagen,Mahendran,Boy,7M,JAMAH7@schools.vic.edu.au,EDSC,7
Naherica,Makooya,Girl,7H,NMAKJ@schools.vic.edu.au,EDSC,7
Inaya,Mallick,Girl,7D,INMAL1@schools.vic.edu.au,EDSC,7
Lily,Mapleback,Girl,7J,LGMAP1@schools.vic.edu.au,EDSC,7
Peter,Martakis,Boy,7I,PMARO@schools.vic.edu.au,EDSC,7
Divya,Marwoto,Girl,7A,DMAR1H@schools.vic.edu.au,EDSC,7
Oliver,Mathieson,Boy,7O,OMAT9@schools.vic.edu.au,EDSC,7
Arissa,Memon,Girl,7N,AMEM15@schools.vic.edu.au,EDSC,7
Shahwaiz,Memon,Boy,7I,SAMEM2@schools.vic.edu.au,EDSC,7
Roonika,Moazzami Goudarzi,Girl,7H,RMOA@schools.vic.edu.au,EDSC,7
Abdurrahman,Mohammed,Boy,7J,AMOHCX@schools.vic.edu.au,EDSC,7
Zaid,Mohammed Zaid Ahmed,Boy,7K,MMOH88@schools.vic.edu.au,EDSC,7
Ronika,Moradi,Girl,7L,RMOR12@schools.vic.edu.au,EDSC,7
Sophia,Mouasher,Girl,7K,SMMOU1@schools.vic.edu.au,EDSC,7
Yvonne,Mouritz,Girl,7K,YYMOU@schools.vic.edu.au,EDSC,7
Anya,Mukherjee,Girl,7C,AMUKG@schools.vic.edu.au,EDSC,7
David,Na,Boy,7K,DTNA@schools.vic.edu.au,EDSC,7
Aydin,Naghashian Haghighi,Boy,7K,ANAG13@schools.vic.edu.au,EDSC,7
Hitiksha,Naidu,Girl,7F,HNAIC@schools.vic.edu.au,EDSC,7
Dylan,Nanayakkara,Boy,7O,DNAN6@schools.vic.edu.au,EDSC,7
Minara,Nanayakkara,Girl,7O,MNAN9@schools.vic.edu.au,EDSC,7
Osara,Nanayakkara,Girl,7J,ONAN8@schools.vic.edu.au,EDSC,7
Ryan,Nesahat,Boy,7P,RNES2@schools.vic.edu.au,EDSC,7
Daniel,Ng,Boy,7Q,DJNG@schools.vic.edu.au,EDSC,7
Jensen,Ng,Boy,7M,JNGT@schools.vic.edu.au,EDSC,7
Joven,Ng,Boy,7M,JCNG2@schools.vic.edu.au,EDSC,7
Tory,Nguyen,Boy,7P,TNGU93@schools.vic.edu.au,EDSC,7
Ashton,Nim,Boy,7F,ANIM5@schools.vic.edu.au,EDSC,7
Ayra,Noor,Girl,7O,ANOO28@schools.vic.edu.au,EDSC,7
Christopher,O'Callaghan,Boy,7O,CSOCA@schools.vic.edu.au,EDSC,7
Benjamin,Ong,Boy,7K,BHONG@schools.vic.edu.au,EDSC,7
Nathan,Ong,Boy,7L,NONG1@schools.vic.edu.au,EDSC,7
Hamza,Osman,Boy,7B,HOSMJ@schools.vic.edu.au,EDSC,7
Shannon,Ou,Boy,7C,WOU4@schools.vic.edu.au,EDSC,7
Braxton,Packeer,Boy,7L,BRPAC@schools.vic.edu.au,EDSC,7
Stephanie,Pan,Girl,7C,SPAN1V@schools.vic.edu.au,EDSC,7
Bryan,Pang,Boy,7C,BPANI@schools.vic.edu.au,EDSC,7
Inhoo,Park,Boy,7A,IPARW@schools.vic.edu.au,EDSC,7
Kate,Park,Girl,7I,KHPAR4@schools.vic.edu.au,EDSC,7
Amay,Parmar,Boy,7K,APAR1X@schools.vic.edu.au,EDSC,7
Shrey,Patel,Boy,7D,SSPATJ@schools.vic.edu.au,EDSC,7
Zarin,Pathan,Girl,7I,ZYPAT1@schools.vic.edu.au,EDSC,7
Sam,Pazhang,Boy,7F,SPAZ3@schools.vic.edu.au,EDSC,7
Rebecca,Peng,Girl,7R,RPEN7@schools.vic.edu.au,EDSC,7
Parsa,Poudat,Boy,7F,PPOUB@schools.vic.edu.au,EDSC,7
Nathaniel,Qi,Boy,7Q,NXQI@schools.vic.edu.au,EDSC,7
Alice,Qiu,Girl,7R,AQIU2@schools.vic.edu.au,EDSC,7
Jess,Qiu,Girl,7L,SQIUG@schools.vic.edu.au,EDSC,7
Sissi,Qiu,Girl,7G,SQIUB@schools.vic.edu.au,EDSC,7
Erin,Qu,Girl,7H,EQU2@schools.vic.edu.au,EDSC,7
Aariz,Qureshi,Boy,7N,AQURJ@schools.vic.edu.au,EDSC,7
Hassan,Qureshi,Boy,7Q,HMQUR@schools.vic.edu.au,EDSC,7
Borna,Raei,Boy,7O,BKRAE@schools.vic.edu.au,EDSC,7
Samratchana,Rameshkumar,Girl,7R,SRAM1N@schools.vic.edu.au,EDSC,7
Pratyansh,Rana,Boy,7E,PSRAN4@schools.vic.edu.au,EDSC,7
Lara,Rankin,Girl,7H,LRANB@schools.vic.edu.au,EDSC,7
Zara,Rawat,Girl,7J,ZRAW@schools.vic.edu.au,EDSC,7
Anishka,Roy,Girl,7Q,AROYC@schools.vic.edu.au,EDSC,7
Adria,Saadat,Boy,7H,ASAAI@schools.vic.edu.au,EDSC,7
Rahul,Saha,Boy,7E,RCSAH@schools.vic.edu.au,EDSC,7
Avyay,Samrat,Boy,7C,ASAM1D@schools.vic.edu.au,EDSC,7
Cathy,Su Wen Saw,Girl,7O,CSAW8@schools.vic.edu.au,EDSC,7
Ethan,Saw,Boy,7M,EKSAW1@schools.vic.edu.au,EDSC,7
Selin,Seifollahi,Girl,7D,SSEIC@schools.vic.edu.au,EDSC,7
Arta,Seyghali,Boy,7D,AS71@schools.vic.edu.au,EDSC,7
Arsha,Shemirani,Boy,7I,ASHE3G@schools.vic.edu.au,EDSC,7
Yunxiao,Shen,Boy,7H,YSHE33@schools.vic.edu.au,EDSC,7
Theodore,Shi,Boy,7A,TSSHI@schools.vic.edu.au,EDSC,7
Wenhao,Shi,Boy,7L,WSHI5@schools.vic.edu.au,EDSC,7
Yugo,Shimamura,Boy,7L,YSHI2U@schools.vic.edu.au,EDSC,7
Arta,Shir Mohammadi,Boy,7Q,ASHI1Q@schools.vic.edu.au,EDSC,7
Ibrahim,Shoaib,Boy,7O,MISHO3@schools.vic.edu.au,EDSC,7
Pablo,Sierra Moscoso,Boy,7G,PJSIE@schools.vic.edu.au,EDSC,7
Chelsea,Sin,Girl,7K,YSIN3Q@schools.vic.edu.au,EDSC,7
Ganya,Singh,Girl,7E,GSIN3Z@schools.vic.edu.au,EDSC,7
Raul,Singh,Boy,7G,RSINAK@schools.vic.edu.au,EDSC,7
Kiki,Sisco,Girl,7H,VASIS@schools.vic.edu.au,EDSC,7
Selena,Siswadi,Girl,7Q,SMSIS@schools.vic.edu.au,EDSC,7
Leo,Sun,Boy,7N,LASUN1@schools.vic.edu.au,EDSC,7
Leven,Sun,Boy,7I,LSUNQ@schools.vic.edu.au,EDSC,7
Suby,Sun,Girl,7R,YSUN1T@schools.vic.edu.au,EDSC,7
Aroush,Tajammul,Girl,7D,AZTAJ@schools.vic.edu.au,EDSC,7
Andy,Tam,Boy,7D,APTAM@schools.vic.edu.au,EDSC,7
Charlene,Tan,Girl,7R,CHTAN4@schools.vic.edu.au,EDSC,7
Elise,Tan,Girl,7C,ETANV@schools.vic.edu.au,EDSC,7
Hannnah,Tan,Girl,7G,HLTAN1@schools.vic.edu.au,EDSC,7
Taylor,Tan,Girl,7R,TWTAN@schools.vic.edu.au,EDSC,7
Vidit,Tandon,Boy,7P,VTANQ@schools.vic.edu.au,EDSC,7
Weiyi,Tan,Girl,7A,WTAN13@schools.vic.edu.au,EDSC,7
Jason,Tao,Boy,7A,JTAO8@schools.vic.edu.au,EDSC,7
Phoebe,Taylor,Girl,7F,PLTAY5@schools.vic.edu.au,EDSC,7
Kobe,Tea,Boy,7G,KTEA3@schools.vic.edu.au,EDSC,7
Kabir,Thakkar,Boy,7M,KPTHA2@schools.vic.edu.au,EDSC,7
Krish,Thakkar,Boy,7B,KPTHA1@schools.vic.edu.au,EDSC,7
Krishiv,Thakkar,Boy,7G,KRTHA2@schools.vic.edu.au,EDSC,7
Aaron,Thomas,Boy,7J,AJTHO1V@schools.vic.edu.au,EDSC,7
Rosa,Thomas,Girl,7Q,RTHO19@schools.vic.edu.au,EDSC,7
Kimberly,Tian,Girl,7I,KTIA6@schools.vic.edu.au,EDSC,7
Summer,Tong,Girl,7A,TTONK@schools.vic.edu.au,EDSC,7
John,Tsang,Boy,7I,JTSAD@schools.vic.edu.au,EDSC,7
Hayley,Tsui,Girl,7P,HZTSU@schools.vic.edu.au,EDSC,7
Ayyan,Tyagi,Boy,7O,ATYAG@schools.vic.edu.au,EDSC,7
Tanvi,Vangala,Girl,7D,TVAN19@schools.vic.edu.au,EDSC,7
Alisha,Vasker,Girl,7P,AVAS15@schools.vic.edu.au,EDSC,7
Gauraansh,Walia,Boy,7B,GWAL3@schools.vic.edu.au,EDSC,7
Susanna,Wallace,Girl,7I,SJWALW@schools.vic.edu.au,EDSC,7
Alan,Wang,Boy,7C,AWWAN2@schools.vic.edu.au,EDSC,7
Bella,Wang,Girl,7G,SIWAN@schools.vic.edu.au,EDSC,7
Constance,Wang,Girl,7O,ZWAN6U@schools.vic.edu.au,EDSC,7
George,Wang,Boy,7L,GYWAN2@schools.vic.edu.au,EDSC,7
Joanna,Wang,Girl,7I,JWAN52@schools.vic.edu.au,EDSC,7
Kun,Wang,Boy,7G,KWAN1E@schools.vic.edu.au,EDSC,7
Leo,Wang,Boy,7M,HLWAN2@schools.vic.edu.au,EDSC,7
Noah,Wang,Boy,7J,NWANO@schools.vic.edu.au,EDSC,7
Ryan,Wang,Boy,7C,RWAN1G@schools.vic.edu.au,EDSC,7
Serena,Wang,Boy,7Q,SWAN3D@schools.vic.edu.au,EDSC,7
Sophie,Wei,Girl,7A,SWEI8@schools.vic.edu.au,EDSC,7
Jamie,Weng,Boy,7E,JWENS@schools.vic.edu.au,EDSC,7
George,Wong,Boy,7H,TWONS@schools.vic.edu.au,EDSC,7
Hailie,Wong,Girl,7P,HWON1A@schools.vic.edu.au,EDSC,7
Jamie,Wong,Boy,7L,TWONX@schools.vic.edu.au,EDSC,7
Patrick,Wong,Boy,7I,PYWON@schools.vic.edu.au,EDSC,7
Samson,Wong,Boy,7N,MWONO@schools.vic.edu.au,EDSC,7
Amelie,Wu,Girl,7Q,AWU17@schools.vic.edu.au,EDSC,7
Leo,Wu,Boy,7M,GWU9@schools.vic.edu.au,EDSC,7
Allen,Xiao,Boy,7G,ZXIAL@schools.vic.edu.au,EDSC,7
Patrick,Xie,Boy,7B,ZXIEF@schools.vic.edu.au,EDSC,7
Anthony,Xu,Boy,7H,AZXU3@schools.vic.edu.au,EDSC,7
Shirley,Xu,Girl,7G,SXUT@schools.vic.edu.au,EDSC,7
Aulay,Yan,Girl,7E,AYAN19@schools.vic.edu.au,EDSC,7
Chloe,Yan,Girl,7P,TYANT@schools.vic.edu.au,EDSC,7
Claire,Yan,Girl,7R,TYANP@schools.vic.edu.au,EDSC,7
Olivia,Yang,Girl,7O,OYAN8@schools.vic.edu.au,EDSC,7
Selena,Yao,Girl,7K,YYAO19@schools.vic.edu.au,EDSC,7
Ava,Ye,Girl,7N,AYE6@schools.vic.edu.au,EDSC,7
Claudia,Yeung,Girl,7L,NYEU5@schools.vic.edu.au,EDSC,7
Lina,Yeung,Girl,7P,LLYEU@schools.vic.edu.au,EDSC,7
Lucas,Yin,Boy,7C,LYINB@schools.vic.edu.au,EDSC,7
Nina,Yin,Girl,7M,NZYIN@schools.vic.edu.au,EDSC,7
Catherine,Ying,Girl,7I,CYYIN2@schools.vic.edu.au,EDSC,7
Terrence,Ying,Boy,7M,TWYIN@schools.vic.edu.au,EDSC,7
Kieren,Yip,Boy,7B,KPYIP@schools.vic.edu.au,EDSC,7
Shayane,Yui Yong,Boy,7L,SYONB@schools.vic.edu.au,EDSC,7
Joseph,Yoo,Boy,7Q,JYOO13@schools.vic.edu.au,EDSC,7
Soohyun,Yoo,Boy,7B,SYOOH@schools.vic.edu.au,EDSC,7
Ahoora,Yousefi Shirazi,Boy,7E,AYOU2F@schools.vic.edu.au,EDSC,7
Jerry,Yu,Boy,7F,JYU2L@schools.vic.edu.au,EDSC,7
Lucas,Yu,Boy,7J,LYUW@schools.vic.edu.au,EDSC,7
Micaela,Yu,Girl,7E,MYUW@schools.vic.edu.au,EDSC,7
Alina,Yuan,Girl,7O,AYUA9@schools.vic.edu.au,EDSC,7
Chloe,Yuan,Girl,7F,CXYUA2@schools.vic.edu.au,EDSC,7
Hirad,Zaerpour,Boy,7I,HZAE@schools.vic.edu.au,EDSC,7
Raameen,Zafar,Girl,7E,RZAF@schools.vic.edu.au,EDSC,7
Adrian,Zamaniam,Boy,7O,AZAMQ@schools.vic.edu.au,EDSC,7
Elisa,Zarin,Girl,7L,EZAR3@schools.vic.edu.au,EDSC,7
Vancy,Zhai,Girl,7D,VZHAB@schools.vic.edu.au,EDSC,7
Lan,Zhang,Boy,7L,HZHA6M@schools.vic.edu.au,EDSC,7
Junyi,Zhang,Boy,7F,JZHA76@schools.vic.edu.au,EDSC,7
Kayden,Zhang,Boy,7A,SZHA5O@schools.vic.edu.au,EDSC,7
Molly,Zhang,Girl,7K,JZHA7H@schools.vic.edu.au,EDSC,7
Sherlock,Zhang,Boy,7M,XZHA3M@schools.vic.edu.au,EDSC,7
Zia,Zhang,Boy,7A,ZZHABY@schools.vic.edu.au,EDSC,7
Hansen,Zhao,Boy,7L,HZHA5T@schools.vic.edu.au,EDSC,7
Aden,Zheng,Boy,7M,ADZHE@schools.vic.edu.au,EDSC,7
Angela,Zheng,Girl,7L,AZHEK@schools.vic.edu.au,EDSC,7
Joyce,Zhou,Girl,7M,JZHO3E@schools.vic.edu.au,EDSC,7
Jackson,Zhu,Boy,7O,JZHU1J@schools.vic.edu.au,EDSC,7
Jimmy,Zhu,Boy,7F,JZHU1P@schools.vic.edu.au,EDSC,7
Ian,Zhuo,Boy,7D,YZHU1X@schools.vic.edu.au,EDSC,7
John,Zigouras,Boy,7P,JYZIG@schools.vic.edu.au,EDSC,7
Ian,Zong,Boy,7K,SZON@schools.vic.edu.au,EDSC,7
Curtis,Zou,Boy,7F,CSZOU@schools.vic.edu.au,EDSC,7
